{
    "screen_size": "Large",
    "master_volume": 1.0,
    "music_volume": 0.39999999999999963,
    "sfx_volume": 0.7499999999999998
}